https://thethreeseas.com.au/schoolies/,indexed
https://thethreeseas.com.au/universalchildrensday/,indexed
https://thethreeseas.com.au/news-test/,indexed
https://thethreeseas.com.au/australianpsychologicalsociety/,indexed
https://thethreeseas.com.au/5-strategies-that-can-improve-your-relationship/,indexed
https://thethreeseas.com.au/5-common-parenting-practices-that-hurt-kids/,indexed
https://thethreeseas.com.au/20-topics-to-discuss-with-your-children/,indexed
https://thethreeseas.com.au/three-seas-mind-heart-body-couples-retreat/,indexed
https://thethreeseas.com.au/dealing-animal-phobias/,indexed
https://thethreeseas.com.au/xmas-and-families-dont-always-mix/,indexed
https://thethreeseas.com.au/6-rules-for-better-communication-with-loved-ones/,indexed
https://thethreeseas.com.au/why-do-stalkers-stalk/,indexed
https://thethreeseas.com.au/workplace-stress-need-know-mental-health/,indexed
https://thethreeseas.com.au/traumatic-events-affect-brain-body/,indexed
https://thethreeseas.com.au/understanding-seasonal-affective-disorder/,indexed
https://thethreeseas.com.au/make-parenting-easier/,indexed
